[
  { "label": "🇮🇳 India — New Delhi", "zone": "Asia/Kolkata" },
  { "label": "🇺🇸 United States — New York", "zone": "America/New_York" },
  { "label": "🇬🇧 United Kingdom — London", "zone": "Europe/London" },
  { "label": "🇯🇵 Japan — Tokyo", "zone": "Asia/Tokyo" },
  { "label": "🇫🇷 France — Paris", "zone": "Europe/Paris" },
  { "label": "🇩🇪 Germany — Berlin", "zone": "Europe/Berlin" },
  { "label": "🇨🇦 Canada — Toronto", "zone": "America/Toronto" },
  { "label": "🇦🇺 Australia — Sydney", "zone": "Australia/Sydney" },
  { "label": "🇧🇷 Brazil — São Paulo", "zone": "America/Sao_Paulo" },
  { "label": "🇨🇳 China — Beijing", "zone": "Asia/Shanghai" },
  { "label": "🇷🇺 Russia — Moscow", "zone": "Europe/Moscow" },
  { "label": "🇿🇦 South Africa — Johannesburg", "zone": "Africa/Johannesburg" },
  { "label": "🇦🇪 UAE — Dubai", "zone": "Asia/Dubai" },
  { "label": "🇸🇬 Singapore", "zone": "Asia/Singapore" },
  { "label": "🇰🇷 South Korea — Seoul", "zone": "Asia/Seoul" },
  { "label": "🇮🇹 Italy — Rome", "zone": "Europe/Rome" },
  { "label": "🇪🇸 Spain — Madrid", "zone": "Europe/Madrid" },
  { "label": "🇲🇽 Mexico — Mexico City", "zone": "America/Mexico_City" },
  { "label": "🇳🇱 Netherlands — Amsterdam", "zone": "Europe/Amsterdam" },
  { "label": "🇸🇪 Sweden — Stockholm", "zone": "Europe/Stockholm" },
  { "label": "🇳🇴 Norway — Oslo", "zone": "Europe/Oslo" },
  { "label": "🇩🇰 Denmark — Copenhagen", "zone": "Europe/Copenhagen" },
  { "label": "🇫🇮 Finland — Helsinki", "zone": "Europe/Helsinki" },
  { "label": "🇨🇭 Switzerland — Zurich", "zone": "Europe/Zurich" },
  { "label": "🇵🇱 Poland — Warsaw", "zone": "Europe/Warsaw" },
  { "label": "🇧🇪 Belgium — Brussels", "zone": "Europe/Brussels" },
  { "label": "🇦🇹 Austria — Vienna", "zone": "Europe/Vienna" },
  { "label": "🇬🇷 Greece — Athens", "zone": "Europe/Athens" },
  { "label": "🇹🇷 Turkey — Istanbul", "zone": "Europe/Istanbul" },
  { "label": "🇮🇱 Israel — Tel Aviv", "zone": "Asia/Jerusalem" },
  { "label": "🇸🇦 Saudi Arabia — Riyadh", "zone": "Asia/Riyadh" },
  { "label": "🇶🇦 Qatar — Doha", "zone": "Asia/Qatar" },
  { "label": "🇪🇬 Egypt — Cairo", "zone": "Africa/Cairo" },
  { "label": "🇳🇬 Nigeria — Lagos", "zone": "Africa/Lagos" },
  { "label": "🇰🇪 Kenya — Nairobi", "zone": "Africa/Nairobi" },
  { "label": "🇦🇷 Argentina — Buenos Aires", "zone": "America/Argentina/Buenos_Aires" },
  { "label": "🇨🇱 Chile — Santiago", "zone": "America/Santiago" },
  { "label": "🇨🇴 Colombia — Bogotá", "zone": "America/Bogota" },
  { "label": "🇵🇪 Peru — Lima", "zone": "America/Lima" },
  { "label": "🇻🇪 Venezuela — Caracas", "zone": "America/Caracas" },
  { "label": "🇹🇭 Thailand — Bangkok", "zone": "Asia/Bangkok" },
  { "label": "🇻🇳 Vietnam — Hanoi", "zone": "Asia/Ho_Chi_Minh" },
  { "label": "🇲🇾 Malaysia — Kuala Lumpur", "zone": "Asia/Kuala_Lumpur" },
  { "label": "🇵🇭 Philippines — Manila", "zone": "Asia/Manila" },
  { "label": "🇮🇩 Indonesia — Jakarta", "zone": "Asia/Jakarta" },
  { "label": "🇳🇿 New Zealand — Auckland", "zone": "Pacific/Auckland" }
]
